01/01/2011;1;55.40
01/01/2011;2;53.68
01/01/2011;3;47.12
01/01/2011;4;43.77
01/01/2011;5;40.72
01/01/2011;6;40.72
01/01/2011;7;40.72
01/01/2011;8;41.14
01/01/2011;9;38.48
01/01/2011;10;40.23
01/01/2011;11;45.06
01/01/2011;12;46.02
01/01/2011;13;47.80
01/01/2011;14;46.52
01/01/2011;15;45.80
01/01/2011;16;43.04
01/01/2011;17;42.25
01/01/2011;18;46.02
01/01/2011;19;49.65
01/01/2011;20;49.65
01/01/2011;21;50.01
01/01/2011;22;53.01
01/01/2011;23;52.06
01/01/2011;24;49.65
02/01/2011;1;53.68
02/01/2011;2;48.65
02/01/2011;3;43.13
02/01/2011;4;37.45
02/01/2011;5;32.00
02/01/2011;6;24.00
02/01/2011;7;31.00
02/01/2011;8;35.00
02/01/2011;9;34.07
02/01/2011;10;37.48
02/01/2011;11;42.79
02/01/2011;12;43.13
02/01/2011;13;45.50
02/01/2011;14;43.16
02/01/2011;15;42.79
02/01/2011;16;41.65
02/01/2011;17;42.15
02/01/2011;18;43.13
02/01/2011;19;49.65
02/01/2011;20;51.26
02/01/2011;21;53.72
02/01/2011;22;65.74
02/01/2011;23;56.14
02/01/2011;24;53.04
03/01/2011;1;39.02
03/01/2011;2;37.48
03/01/2011;3;20.13
03/01/2011;4;19.13
03/01/2011;5;19.13
03/01/2011;6;20.13
03/01/2011;7;37.54
03/01/2011;8;43.38
03/01/2011;9;45.57
03/01/2011;10;47.76
03/01/2011;11;48.02
03/01/2011;12;48.26
03/01/2011;13;52.10
03/01/2011;14;52.10
03/01/2011;15;52.32
03/01/2011;16;50.92
03/01/2011;17;51.76
03/01/2011;18;57.53
03/01/2011;19;65.03
03/01/2011;20;65.00
03/01/2011;21;55.06
03/01/2011;22;60.00
03/01/2011;23;54.23
03/01/2011;24;49.02
04/01/2011;1;45.66
04/01/2011;2;42.50
04/01/2011;3;37.54
04/01/2011;4;37.45
04/01/2011;5;31.21
04/01/2011;6;31.21
04/01/2011;7;37.45
04/01/2011;8;43.85
04/01/2011;9;45.88
04/01/2011;10;50.13
04/01/2011;11;48.50
04/01/2011;12;48.30
04/01/2011;13;50.51
04/01/2011;14;46.04
04/01/2011;15;45.02
04/01/2011;16;44.30
04/01/2011;17;44.60
04/01/2011;18;50.50
04/01/2011;19;53.00
04/01/2011;20;55.02
04/01/2011;21;54.76
04/01/2011;22;54.65
04/01/2011;23;50.51
04/01/2011;24;45.50
05/01/2011;1;45.80
05/01/2011;2;42.79
05/01/2011;3;20.02
05/01/2011;4;20.02
05/01/2011;5;17.07
05/01/2011;6;18.07
05/01/2011;7;20.02
05/01/2011;8;34.75
05/01/2011;9;34.78
05/01/2011;10;40.37
05/01/2011;11;42.00
05/01/2011;12;40.01
05/01/2011;13;45.00
05/01/2011;14;40.00
05/01/2011;15;32.56
05/01/2011;16;20.01
05/01/2011;17;22.07
05/01/2011;18;40.00
05/01/2011;19;45.51
05/01/2011;20;48.00
05/01/2011;21;46.40
05/01/2011;22;49.16
05/01/2011;23;45.88
05/01/2011;24;38.14
06/01/2011;1;48.55
06/01/2011;2;40.01
06/01/2011;3;26.00
06/01/2011;4;5.00
06/01/2011;5;1.20
06/01/2011;6;1.00
06/01/2011;7;3.00
06/01/2011;8;3.00
06/01/2011;9;0.00
06/01/2011;10;10.00
06/01/2011;11;14.47
06/01/2011;12;20.01
06/01/2011;13;20.01
06/01/2011;14;20.00
06/01/2011;15;14.47
06/01/2011;16;12.21
06/01/2011;17;12.21
06/01/2011;18;20.00
06/01/2011;19;24.48
06/01/2011;20;37.13
06/01/2011;21;40.02
06/01/2011;22;45.52
06/01/2011;23;46.10
06/01/2011;24;40.00
07/01/2011;1;25.00
07/01/2011;2;4.00
07/01/2011;3;0.00
07/01/2011;4;0.00
07/01/2011;5;0.00
07/01/2011;6;0.00
07/01/2011;7;0.00
07/01/2011;8;4.01
07/01/2011;9;5.01
07/01/2011;10;25.01
07/01/2011;11;25.00
07/01/2011;12;25.00
07/01/2011;13;25.32
07/01/2011;14;16.00
07/01/2011;15;16.00
07/01/2011;16;5.01
07/01/2011;17;5.01
07/01/2011;18;16.00
07/01/2011;19;33.00
07/01/2011;20;37.51
07/01/2011;21;36.56
07/01/2011;22;38.35
07/01/2011;23;30.03
07/01/2011;24;16.00
08/01/2011;1;30.00
08/01/2011;2;5.00
08/01/2011;3;0.00
08/01/2011;4;0.00
08/01/2011;5;0.00
08/01/2011;6;0.00
08/01/2011;7;0.00
08/01/2011;8;0.00
08/01/2011;9;1.00
08/01/2011;10;5.00
08/01/2011;11;3.00
08/01/2011;12;5.01
08/01/2011;13;10.00
08/01/2011;14;11.67
08/01/2011;15;14.78
08/01/2011;16;10.01
08/01/2011;17;13.35
08/01/2011;18;27.25
08/01/2011;19;53.80
08/01/2011;20;85.50
08/01/2011;21;67.50
08/01/2011;22;67.50
08/01/2011;23;51.40
08/01/2011;24;49.60
09/01/2011;1;52.00
09/01/2011;2;47.50
09/01/2011;3;25.08
09/01/2011;4;15.00
09/01/2011;5;12.25
09/01/2011;6;13.35
09/01/2011;7;15.00
09/01/2011;8;22.10
09/01/2011;9;22.10
09/01/2011;10;38.31
09/01/2011;11;45.59
09/01/2011;12;45.57
09/01/2011;13;45.59
09/01/2011;14;44.11
09/01/2011;15;43.44
09/01/2011;16;37.54
09/01/2011;17;35.12
09/01/2011;18;43.44
09/01/2011;19;48.10
09/01/2011;20;50.26
09/01/2011;21;55.60
09/01/2011;22;91.01
09/01/2011;23;86.00
09/01/2011;24;57.50
10/01/2011;1;43.26
10/01/2011;2;36.66
10/01/2011;3;15.69
10/01/2011;4;17.07
10/01/2011;5;15.69
10/01/2011;6;17.07
10/01/2011;7;35.25
10/01/2011;8;50.90
10/01/2011;9;48.50
10/01/2011;10;47.30
10/01/2011;11;47.30
10/01/2011;12;46.40
10/01/2011;13;55.03
10/01/2011;14;46.11
10/01/2011;15;41.66
10/01/2011;16;40.83
10/01/2011;17;41.00
10/01/2011;18;46.10
10/01/2011;19;50.00
10/01/2011;20;55.04
10/01/2011;21;51.50
10/01/2011;22;54.10
10/01/2011;23;46.11
10/01/2011;24;39.66
11/01/2011;1;26.88
11/01/2011;2;11.67
11/01/2011;3;1.30
11/01/2011;4;0.13
11/01/2011;5;0.13
11/01/2011;6;0.50
11/01/2011;7;2.00
11/01/2011;8;18.85
11/01/2011;9;13.56
11/01/2011;10;40.00
11/01/2011;11;40.01
11/01/2011;12;41.57
11/01/2011;13;43.00
11/01/2011;14;36.57
11/01/2011;15;35.00
11/01/2011;16;33.78
11/01/2011;17;37.54
11/01/2011;18;43.57
11/01/2011;19;52.55
11/01/2011;20;66.40
11/01/2011;21;58.00
11/01/2011;22;89.00
11/01/2011;23;50.13
11/01/2011;24;41.57
12/01/2011;1;30.00
12/01/2011;2;15.69
12/01/2011;3;4.90
12/01/2011;4;3.00
12/01/2011;5;2.00
12/01/2011;6;4.00
12/01/2011;7;5.65
12/01/2011;8;32.28
12/01/2011;9;22.00
12/01/2011;10;38.67
12/01/2011;11;38.89
12/01/2011;12;40.01
12/01/2011;13;46.27
12/01/2011;14;43.85
12/01/2011;15;43.85
12/01/2011;16;43.13
12/01/2011;17;43.57
12/01/2011;18;49.11
12/01/2011;19;53.06
12/01/2011;20;57.87
12/01/2011;21;57.87
12/01/2011;22;89.00
12/01/2011;23;57.87
12/01/2011;24;45.95
13/01/2011;1;41.22
13/01/2011;2;35.25
13/01/2011;3;25.13
13/01/2011;4;17.07
13/01/2011;5;17.07
13/01/2011;6;20.05
13/01/2011;7;35.00
13/01/2011;8;44.53
13/01/2011;9;43.13
13/01/2011;10;46.67
13/01/2011;11;45.57
13/01/2011;12;44.51
13/01/2011;13;50.75
13/01/2011;14;44.51
13/01/2011;15;41.50
13/01/2011;16;41.53
13/01/2011;17;41.02
13/01/2011;18;50.18
13/01/2011;19;54.75
13/01/2011;20;58.34
13/01/2011;21;58.52
13/01/2011;22;65.00
13/01/2011;23;55.40
13/01/2011;24;42.48
14/01/2011;1;42.87
14/01/2011;2;37.28
14/01/2011;3;19.13
14/01/2011;4;17.07
14/01/2011;5;17.07
14/01/2011;6;18.95
14/01/2011;7;36.70
14/01/2011;8;48.62
14/01/2011;9;48.98
14/01/2011;10;50.00
14/01/2011;11;46.03
14/01/2011;12;46.02
14/01/2011;13;50.00
14/01/2011;14;46.03
14/01/2011;15;46.02
14/01/2011;16;45.00
14/01/2011;17;45.00
14/01/2011;18;49.49
14/01/2011;19;57.87
14/01/2011;20;58.52
14/01/2011;21;57.87
14/01/2011;22;57.87
14/01/2011;23;51.68
14/01/2011;24;50.00
15/01/2011;1;49.40
15/01/2011;2;45.29
15/01/2011;3;43.15
15/01/2011;4;41.85
15/01/2011;5;38.28
15/01/2011;6;37.39
15/01/2011;7;37.39
15/01/2011;8;40.60
15/01/2011;9;40.60
15/01/2011;10;42.40
15/01/2011;11;45.29
15/01/2011;12;45.39
15/01/2011;13;45.57
15/01/2011;14;45.39
15/01/2011;15;46.00
15/01/2011;16;45.11
15/01/2011;17;45.00
15/01/2011;18;46.18
15/01/2011;19;54.57
15/01/2011;20;75.00
15/01/2011;21;79.07
15/01/2011;22;57.00
15/01/2011;23;48.90
15/01/2011;24;46.90
16/01/2011;1;51.78
16/01/2011;2;45.29
16/01/2011;3;44.00
16/01/2011;4;36.70
16/01/2011;5;30.80
16/01/2011;6;32.65
16/01/2011;7;36.70
16/01/2011;8;38.79
16/01/2011;9;36.86
16/01/2011;10;36.28
16/01/2011;11;37.58
16/01/2011;12;40.60
16/01/2011;13;42.10
16/01/2011;14;38.94
16/01/2011;15;42.00
16/01/2011;16;39.05
16/01/2011;17;38.94
16/01/2011;18;39.45
16/01/2011;19;44.00
16/01/2011;20;47.10
16/01/2011;21;52.38
16/01/2011;22;85.00
16/01/2011;23;65.03
16/01/2011;24;50.00
17/01/2011;1;40.04
17/01/2011;2;32.85
17/01/2011;3;17.07
17/01/2011;4;15.00
17/01/2011;5;15.00
17/01/2011;6;26.69
17/01/2011;7;35.21
17/01/2011;8;48.10
17/01/2011;9;50.00
17/01/2011;10;51.02
17/01/2011;11;50.00
17/01/2011;12;50.18
17/01/2011;13;53.02
17/01/2011;14;52.71
17/01/2011;15;51.00
17/01/2011;16;50.00
17/01/2011;17;50.62
17/01/2011;18;53.01
17/01/2011;19;56.57
17/01/2011;20;58.89
17/01/2011;21;60.20
17/01/2011;22;75.00
17/01/2011;23;53.02
17/01/2011;24;49.26
18/01/2011;1;45.00
18/01/2011;2;40.03
18/01/2011;3;37.00
18/01/2011;4;36.75
18/01/2011;5;36.00
18/01/2011;6;36.75
18/01/2011;7;38.88
18/01/2011;8;48.57
18/01/2011;9;50.00
18/01/2011;10;54.13
18/01/2011;11;52.71
18/01/2011;12;51.51
18/01/2011;13;54.78
18/01/2011;14;50.00
18/01/2011;15;50.00
18/01/2011;16;49.26
18/01/2011;17;48.90
18/01/2011;18;49.02
18/01/2011;19;50.00
18/01/2011;20;52.38
18/01/2011;21;51.78
18/01/2011;22;52.71
18/01/2011;23;47.00
18/01/2011;24;40.57
19/01/2011;1;44.40
19/01/2011;2;39.01
19/01/2011;3;34.07
19/01/2011;4;30.10
19/01/2011;5;29.69
19/01/2011;6;33.00
19/01/2011;7;36.54
19/01/2011;8;47.29
19/01/2011;9;47.10
19/01/2011;10;50.26
19/01/2011;11;50.00
19/01/2011;12;50.00
19/01/2011;13;54.71
19/01/2011;14;50.13
19/01/2011;15;50.00
19/01/2011;16;48.00
19/01/2011;17;49.12
19/01/2011;18;50.00
19/01/2011;19;55.00
19/01/2011;20;60.00
19/01/2011;21;57.78
19/01/2011;22;55.38
19/01/2011;23;50.00
19/01/2011;24;45.40
20/01/2011;1;44.01
20/01/2011;2;40.55
20/01/2011;3;36.72
20/01/2011;4;35.86
20/01/2011;5;35.86
20/01/2011;6;35.86
20/01/2011;7;38.79
20/01/2011;8;46.76
20/01/2011;9;48.26
20/01/2011;10;50.25
20/01/2011;11;48.26
20/01/2011;12;49.03
20/01/2011;13;48.54
20/01/2011;14;46.54
20/01/2011;15;42.88
20/01/2011;16;42.00
20/01/2011;17;43.40
20/01/2011;18;42.88
20/01/2011;19;46.25
20/01/2011;20;48.00
20/01/2011;21;47.11
20/01/2011;22;47.10
20/01/2011;23;41.06
20/01/2011;24;29.59
21/01/2011;1;41.64
21/01/2011;2;29.59
21/01/2011;3;8.02
21/01/2011;4;5.40
21/01/2011;5;5.00
21/01/2011;6;5.95
21/01/2011;7;10.00
21/01/2011;8;38.94
21/01/2011;9;48.44
21/01/2011;10;48.32
21/01/2011;11;48.26
21/01/2011;12;48.32
21/01/2011;13;48.26
21/01/2011;14;45.02
21/01/2011;15;43.57
21/01/2011;16;36.65
21/01/2011;17;28.07
21/01/2011;18;36.65
21/01/2011;19;47.11
21/01/2011;20;54.71
21/01/2011;21;50.32
21/01/2011;22;51.90
21/01/2011;23;50.38
21/01/2011;24;50.32
22/01/2011;1;49.18
22/01/2011;2;41.64
22/01/2011;3;37.77
22/01/2011;4;30.00
22/01/2011;5;29.69
22/01/2011;6;22.07
22/01/2011;7;22.07
22/01/2011;8;29.69
22/01/2011;9;10.00
22/01/2011;10;17.07
22/01/2011;11;30.00
22/01/2011;12;36.00
22/01/2011;13;29.69
22/01/2011;14;29.69
22/01/2011;15;32.59
22/01/2011;16;22.07
22/01/2011;17;20.00
22/01/2011;18;22.07
22/01/2011;19;43.03
22/01/2011;20;51.00
22/01/2011;21;50.38
22/01/2011;22;49.57
22/01/2011;23;44.00
22/01/2011;24;47.04
23/01/2011;1;50.00
23/01/2011;2;45.90
23/01/2011;3;40.04
23/01/2011;4;32.59
23/01/2011;5;29.69
23/01/2011;6;29.69
23/01/2011;7;27.08
23/01/2011;8;33.00
23/01/2011;9;36.00
23/01/2011;10;40.04
23/01/2011;11;47.01
23/01/2011;12;47.01
23/01/2011;13;49.64
23/01/2011;14;44.01
23/01/2011;15;41.45
23/01/2011;16;40.30
23/01/2011;17;40.04
23/01/2011;18;42.00
23/01/2011;19;47.01
23/01/2011;20;50.38
23/01/2011;21;56.23
23/01/2011;22;57.78
23/01/2011;23;54.71
23/01/2011;24;50.25
24/01/2011;1;39.49
24/01/2011;2;20.00
24/01/2011;3;3.00
24/01/2011;4;3.00
24/01/2011;5;3.00
24/01/2011;6;3.00
24/01/2011;7;19.13
24/01/2011;8;43.50
24/01/2011;9;49.00
24/01/2011;10;47.01
24/01/2011;11;45.00
24/01/2011;12;45.00
24/01/2011;13;48.38
24/01/2011;14;46.88
24/01/2011;15;43.65
24/01/2011;16;43.04
24/01/2011;17;42.51
24/01/2011;18;47.01
24/01/2011;19;50.11
24/01/2011;20;55.00
24/01/2011;21;54.01
24/01/2011;22;54.71
24/01/2011;23;50.11
24/01/2011;24;45.13
25/01/2011;1;32.78
25/01/2011;2;30.00
25/01/2011;3;23.02
25/01/2011;4;20.00
25/01/2011;5;19.13
25/01/2011;6;20.00
25/01/2011;7;27.08
25/01/2011;8;43.55
25/01/2011;9;49.64
25/01/2011;10;50.25
25/01/2011;11;49.83
25/01/2011;12;48.90
25/01/2011;13;50.25
25/01/2011;14;48.90
25/01/2011;15;48.26
25/01/2011;16;45.10
25/01/2011;17;45.57
25/01/2011;18;50.00
25/01/2011;19;51.62
25/01/2011;20;55.01
25/01/2011;21;55.00
25/01/2011;22;55.00
25/01/2011;23;50.48
25/01/2011;24;47.55
26/01/2011;1;43.55
26/01/2011;2;38.97
26/01/2011;3;32.96
26/01/2011;4;33.83
26/01/2011;5;33.00
26/01/2011;6;36.60
26/01/2011;7;39.06
26/01/2011;8;43.91
26/01/2011;9;49.64
26/01/2011;10;49.98
26/01/2011;11;49.64
26/01/2011;12;50.00
26/01/2011;13;52.00
26/01/2011;14;51.10
26/01/2011;15;51.10
26/01/2011;16;50.03
26/01/2011;17;50.25
26/01/2011;18;51.78
26/01/2011;19;53.01
26/01/2011;20;58.89
26/01/2011;21;58.23
26/01/2011;22;80.02
26/01/2011;23;65.69
26/01/2011;24;52.78
27/01/2011;1;48.50
27/01/2011;2;42.57
27/01/2011;3;39.04
27/01/2011;4;39.00
27/01/2011;5;38.87
27/01/2011;6;39.12
27/01/2011;7;40.89
27/01/2011;8;50.00
27/01/2011;9;53.32
27/01/2011;10;54.98
27/01/2011;11;53.32
27/01/2011;12;53.36
27/01/2011;13;55.69
27/01/2011;14;52.50
27/01/2011;15;50.25
27/01/2011;16;48.78
27/01/2011;17;48.47
27/01/2011;18;50.00
27/01/2011;19;51.46
27/01/2011;20;56.18
27/01/2011;21;54.71
27/01/2011;22;54.71
27/01/2011;23;51.63
27/01/2011;24;50.25
28/01/2011;1;47.03
28/01/2011;2;40.19
28/01/2011;3;38.40
28/01/2011;4;36.78
28/01/2011;5;36.60
28/01/2011;6;38.53
28/01/2011;7;39.19
28/01/2011;8;48.50
28/01/2011;9;50.25
28/01/2011;10;52.11
28/01/2011;11;52.08
28/01/2011;12;52.05
28/01/2011;13;52.11
28/01/2011;14;50.62
28/01/2011;15;50.28
28/01/2011;16;49.64
28/01/2011;17;50.25
28/01/2011;18;52.05
28/01/2011;19;53.00
28/01/2011;20;58.28
28/01/2011;21;56.02
28/01/2011;22;56.01
28/01/2011;23;56.01
28/01/2011;24;56.22
29/01/2011;1;58.38
29/01/2011;2;52.48
29/01/2011;3;49.50
29/01/2011;4;48.97
29/01/2011;5;46.24
29/01/2011;6;45.84
29/01/2011;7;45.84
29/01/2011;8;47.03
29/01/2011;9;47.52
29/01/2011;10;48.20
29/01/2011;11;49.53
29/01/2011;12;49.89
29/01/2011;13;49.89
29/01/2011;14;50.05
29/01/2011;15;51.00
29/01/2011;16;48.56
29/01/2011;17;47.44
29/01/2011;18;49.53
29/01/2011;19;52.16
29/01/2011;20;55.11
29/01/2011;21;55.11
29/01/2011;22;54.28
29/01/2011;23;51.63
29/01/2011;24;53.08
30/01/2011;1;56.68
30/01/2011;2;52.60
30/01/2011;3;50.00
30/01/2011;4;48.91
30/01/2011;5;48.00
30/01/2011;6;47.52
30/01/2011;7;47.03
30/01/2011;8;47.52
30/01/2011;9;45.88
30/01/2011;10;45.85
30/01/2011;11;48.97
30/01/2011;12;50.00
30/01/2011;13;51.60
30/01/2011;14;50.35
30/01/2011;15;50.11
30/01/2011;16;48.97
30/01/2011;17;48.34
30/01/2011;18;48.56
30/01/2011;19;50.00
30/01/2011;20;51.25
30/01/2011;21;52.90
30/01/2011;22;54.28
30/01/2011;23;53.13
30/01/2011;24;52.25
31/01/2011;1;51.59
31/01/2011;2;46.84
31/01/2011;3;39.66
31/01/2011;4;39.12
31/01/2011;5;39.12
31/01/2011;6;40.00
31/01/2011;7;45.34
31/01/2011;8;50.50
31/01/2011;9;52.48
31/01/2011;10;52.70
31/01/2011;11;52.70
31/01/2011;12;52.74
31/01/2011;13;55.69
31/01/2011;14;54.28
31/01/2011;15;54.28
31/01/2011;16;52.48
31/01/2011;17;51.63
31/01/2011;18;52.70
31/01/2011;19;54.88
31/01/2011;20;64.90
31/01/2011;21;58.13
31/01/2011;22;57.98
31/01/2011;23;57.91
31/01/2011;24;51.50
01/02/2011;1;48.48
01/02/2011;2;42.56
01/02/2011;3;38.94
01/02/2011;4;38.72
01/02/2011;5;37.94
01/02/2011;6;38.52
01/02/2011;7;40.09
01/02/2011;8;49.44
01/02/2011;9;52.95
01/02/2011;10;51.63
01/02/2011;11;50.02
01/02/2011;12;51.23
01/02/2011;13;53.58
01/02/2011;14;53.08
01/02/2011;15;51.49
01/02/2011;16;50.05
01/02/2011;17;49.44
01/02/2011;18;51.63
01/02/2011;19;55.00
01/02/2011;20;54.34
01/02/2011;21;52.05
01/02/2011;22;52.95
01/02/2011;23;55.05
01/02/2011;24;48.82
02/02/2011;1;46.61
02/02/2011;2;41.72
02/02/2011;3;37.89
02/02/2011;4;36.69
02/02/2011;5;36.40
02/02/2011;6;37.89
02/02/2011;7;39.00
02/02/2011;8;47.28
02/02/2011;9;50.50
02/02/2011;10;51.00
02/02/2011;11;50.50
02/02/2011;12;51.23
02/02/2011;13;55.00
02/02/2011;14;54.78
02/02/2011;15;54.34
02/02/2011;16;51.00
02/02/2011;17;51.00
02/02/2011;18;54.34
02/02/2011;19;55.38
02/02/2011;20;56.01
02/02/2011;21;54.78
02/02/2011;22;54.78
02/02/2011;23;57.04
02/02/2011;24;54.10
03/02/2011;1;48.00
03/02/2011;2;45.23
03/02/2011;3;39.04
03/02/2011;4;39.00
03/02/2011;5;38.93
03/02/2011;6;39.14
03/02/2011;7;42.68
03/02/2011;8;51.74
03/02/2011;9;52.35
03/02/2011;10;52.72
03/02/2011;11;53.64
03/02/2011;12;52.72
03/02/2011;13;55.00
03/02/2011;14;54.38
03/02/2011;15;53.00
03/02/2011;16;51.10
03/02/2011;17;51.10
03/02/2011;18;53.02
03/02/2011;19;57.13
03/02/2011;20;57.38
03/02/2011;21;55.06
03/02/2011;22;57.23
03/02/2011;23;55.28
03/02/2011;24;52.80
04/02/2011;1;49.29
04/02/2011;2;45.88
04/02/2011;3;40.45
04/02/2011;4;40.00
04/02/2011;5;40.00
04/02/2011;6;40.45
04/02/2011;7;44.25
04/02/2011;8;51.59
04/02/2011;9;50.50
04/02/2011;10;53.78
04/02/2011;11;53.00
04/02/2011;12;53.12
04/02/2011;13;54.92
04/02/2011;14;54.92
04/02/2011;15;54.15
04/02/2011;16;51.72
04/02/2011;17;51.35
04/02/2011;18;53.12
04/02/2011;19;55.02
04/02/2011;20;56.38
04/02/2011;21;55.34
04/02/2011;22;55.98
04/02/2011;23;55.98
04/02/2011;24;55.03
05/02/2011;1;59.65
05/02/2011;2;55.34
05/02/2011;3;51.40
05/02/2011;4;50.01
05/02/2011;5;47.58
05/02/2011;6;47.04
05/02/2011;7;47.28
05/02/2011;8;48.34
05/02/2011;9;45.98
05/02/2011;10;46.18
05/02/2011;11;47.40
05/02/2011;12;48.03
05/02/2011;13;48.00
05/02/2011;14;50.20
05/02/2011;15;50.50
05/02/2011;16;48.00
05/02/2011;17;46.25
05/02/2011;18;48.34
05/02/2011;19;53.98
05/02/2011;20;55.18
05/02/2011;21;57.88
05/02/2011;22;56.13
05/02/2011;23;55.61
05/02/2011;24;56.72
06/02/2011;1;58.23
06/02/2011;2;56.50
06/02/2011;3;52.80
06/02/2011;4;47.54
06/02/2011;5;47.04
06/02/2011;6;46.59
06/02/2011;7;46.62
06/02/2011;8;46.78
06/02/2011;9;44.97
06/02/2011;10;44.21
06/02/2011;11;46.68
06/02/2011;12;47.10
06/02/2011;13;50.44
06/02/2011;14;49.50
06/02/2011;15;46.73
06/02/2011;16;46.00
06/02/2011;17;45.23
06/02/2011;18;46.18
06/02/2011;19;52.11
06/02/2011;20;52.50
06/02/2011;21;56.98
06/02/2011;22;59.06
06/02/2011;23;59.02
06/02/2011;24;57.28
07/02/2011;1;51.20
07/02/2011;2;46.36
07/02/2011;3;40.95
07/02/2011;4;40.86
07/02/2011;5;40.78
07/02/2011;6;41.12
07/02/2011;7;46.50
07/02/2011;8;54.00
07/02/2011;9;54.02
07/02/2011;10;56.50
07/02/2011;11;56.14
07/02/2011;12;56.14
07/02/2011;13;57.34
07/02/2011;14;54.00
07/02/2011;15;52.01
07/02/2011;16;51.00
07/02/2011;17;51.20
07/02/2011;18;53.91
07/02/2011;19;56.14
07/02/2011;20;58.89
07/02/2011;21;59.18
07/02/2011;22;61.56
07/02/2011;23;55.65
07/02/2011;24;50.50
08/02/2011;1;53.90
08/02/2011;2;50.50
08/02/2011;3;46.50
08/02/2011;4;45.68
08/02/2011;5;44.56
08/02/2011;6;45.23
08/02/2011;7;46.50
08/02/2011;8;54.10
08/02/2011;9;53.90
08/02/2011;10;57.34
08/02/2011;11;54.00
08/02/2011;12;53.02
08/02/2011;13;55.00
08/02/2011;14;52.80
08/02/2011;15;50.70
08/02/2011;16;47.01
08/02/2011;17;47.01
08/02/2011;18;52.19
08/02/2011;19;54.72
08/02/2011;20;55.80
08/02/2011;21;56.00
08/02/2011;22;57.00
08/02/2011;23;52.50
08/02/2011;24;49.19
09/02/2011;1;46.86
09/02/2011;2;45.71
09/02/2011;3;43.29
09/02/2011;4;41.94
09/02/2011;5;41.34
09/02/2011;6;43.43
09/02/2011;7;45.71
09/02/2011;8;52.80
09/02/2011;9;54.00
09/02/2011;10;57.34
09/02/2011;11;54.00
09/02/2011;12;53.02
09/02/2011;13;53.10
09/02/2011;14;52.51
09/02/2011;15;51.20
09/02/2011;16;49.51
09/02/2011;17;49.80
09/02/2011;18;52.20
09/02/2011;19;55.14
09/02/2011;20;59.05
09/02/2011;21;59.18
09/02/2011;22;60.46
09/02/2011;23;55.56
09/02/2011;24;52.50
10/02/2011;1;51.20
10/02/2011;2;48.00
10/02/2011;3;46.18
10/02/2011;4;45.71
10/02/2011;5;45.23
10/02/2011;6;45.80
10/02/2011;7;47.40
10/02/2011;8;54.10
10/02/2011;9;53.98
10/02/2011;10;54.72
10/02/2011;11;53.84
10/02/2011;12;50.10
10/02/2011;13;52.19
10/02/2011;14;48.12
10/02/2011;15;47.01
10/02/2011;16;46.69
10/02/2011;17;46.67
10/02/2011;18;49.46
10/02/2011;19;53.30
10/02/2011;20;55.61
10/02/2011;21;55.61
10/02/2011;22;56.00
10/02/2011;23;55.00
10/02/2011;24;53.00
11/02/2011;1;49.52
11/02/2011;2;45.90
11/02/2011;3;41.00
11/02/2011;4;42.15
11/02/2011;5;41.00
11/02/2011;6;44.17
11/02/2011;7;45.90
11/02/2011;8;54.00
11/02/2011;9;51.60
11/02/2011;10;51.70
11/02/2011;11;50.03
11/02/2011;12;50.30
11/02/2011;13;51.60
11/02/2011;14;49.61
11/02/2011;15;50.01
11/02/2011;16;47.40
11/02/2011;17;49.40
11/02/2011;18;53.17
11/02/2011;19;54.65
11/02/2011;20;59.23
11/02/2011;21;61.48
11/02/2011;22;64.50
11/02/2011;23;59.60
11/02/2011;24;59.23
12/02/2011;1;58.93
12/02/2011;2;55.50
12/02/2011;3;52.52
12/02/2011;4;50.30
12/02/2011;5;50.03
12/02/2011;6;49.56
12/02/2011;7;48.63
12/02/2011;8;49.80
12/02/2011;9;49.12
12/02/2011;10;52.00
12/02/2011;11;53.94
12/02/2011;12;53.90
12/02/2011;13;53.10
12/02/2011;14;53.80
12/02/2011;15;53.89
12/02/2011;16;52.00
12/02/2011;17;50.00
12/02/2011;18;50.50
12/02/2011;19;54.00
12/02/2011;20;57.86
12/02/2011;21;57.86
12/02/2011;22;56.15
12/02/2011;23;54.02
12/02/2011;24;53.10
13/02/2011;1;57.50
13/02/2011;2;55.60
13/02/2011;3;51.07
13/02/2011;4;46.60
13/02/2011;5;44.34
13/02/2011;6;42.43
13/02/2011;7;42.15
13/02/2011;8;42.37
13/02/2011;9;41.00
13/02/2011;10;41.00
13/02/2011;11;42.47
13/02/2011;12;45.09
13/02/2011;13;46.60
13/02/2011;14;44.96
13/02/2011;15;44.80
13/02/2011;16;42.37
13/02/2011;17;41.00
13/02/2011;18;42.37
13/02/2011;19;44.10
13/02/2011;20;50.03
13/02/2011;21;54.02
13/02/2011;22;57.11
13/02/2011;23;55.60
13/02/2011;24;53.80
14/02/2011;1;47.07
14/02/2011;2;42.37
14/02/2011;3;31.93
14/02/2011;4;25.90
14/02/2011;5;22.07
14/02/2011;6;29.89
14/02/2011;7;39.79
14/02/2011;8;51.42
14/02/2011;9;53.95
14/02/2011;10;54.65
14/02/2011;11;54.20
14/02/2011;12;53.83
14/02/2011;13;53.39
14/02/2011;14;50.40
14/02/2011;15;46.40
14/02/2011;16;42.59
14/02/2011;17;42.91
14/02/2011;18;43.00
14/02/2011;19;46.40
14/02/2011;20;53.02
14/02/2011;21;53.80
14/02/2011;22;54.10
14/02/2011;23;51.02
14/02/2011;24;45.00
15/02/2011;1;43.22
15/02/2011;2;38.01
15/02/2011;3;33.36
15/02/2011;4;29.89
15/02/2011;5;29.89
15/02/2011;6;36.90
15/02/2011;7;39.88
15/02/2011;8;47.15
15/02/2011;9;50.48
15/02/2011;10;52.52
15/02/2011;11;51.80
15/02/2011;12;52.90
15/02/2011;13;53.92
15/02/2011;14;53.95
15/02/2011;15;53.50
15/02/2011;16;51.10
15/02/2011;17;50.15
15/02/2011;18;52.52
15/02/2011;19;54.20
15/02/2011;20;54.90
15/02/2011;21;54.51
15/02/2011;22;54.00
15/02/2011;23;52.90
15/02/2011;24;45.59
16/02/2011;1;45.09
16/02/2011;2;42.37
16/02/2011;3;30.20
16/02/2011;4;30.20
16/02/2011;5;29.89
16/02/2011;6;27.54
16/02/2011;7;35.00
16/02/2011;8;47.15
16/02/2011;9;46.02
16/02/2011;10;48.12
16/02/2011;11;47.90
16/02/2011;12;44.47
16/02/2011;13;48.12
16/02/2011;14;46.02
16/02/2011;15;44.52
16/02/2011;16;38.96
16/02/2011;17;39.86
16/02/2011;18;45.00
16/02/2011;19;46.57
16/02/2011;20;52.07
16/02/2011;21;53.80
16/02/2011;22;53.80
16/02/2011;23;54.23
16/02/2011;24;49.60
17/02/2011;1;45.63
17/02/2011;2;38.43
17/02/2011;3;29.89
17/02/2011;4;29.89
17/02/2011;5;29.89
17/02/2011;6;29.89
17/02/2011;7;29.89
17/02/2011;8;48.03
17/02/2011;9;43.38
17/02/2011;10;42.56
17/02/2011;11;42.52
17/02/2011;12;41.53
17/02/2011;13;45.00
17/02/2011;14;41.93
17/02/2011;15;40.00
17/02/2011;16;44.55
17/02/2011;17;44.26
17/02/2011;18;47.16
17/02/2011;19;53.00
17/02/2011;20;56.15
17/02/2011;21;57.50
17/02/2011;22;58.01
17/02/2011;23;57.50
17/02/2011;24;53.76
18/02/2011;1;48.00
18/02/2011;2;46.18
18/02/2011;3;35.00
18/02/2011;4;35.00
18/02/2011;5;35.00
18/02/2011;6;40.89
18/02/2011;7;45.52
18/02/2011;8;50.96
18/02/2011;9;50.01
18/02/2011;10;51.04
18/02/2011;11;50.52
18/02/2011;12;49.45
18/02/2011;13;49.52
18/02/2011;14;48.59
18/02/2011;15;47.10
18/02/2011;16;46.18
18/02/2011;17;46.18
18/02/2011;18;49.45
18/02/2011;19;53.39
18/02/2011;20;54.60
18/02/2011;21;53.10
18/02/2011;22;53.12
18/02/2011;23;53.10
18/02/2011;24;50.30
19/02/2011;1;55.13
19/02/2011;2;48.12
19/02/2011;3;44.29
19/02/2011;4;44.26
19/02/2011;5;42.54
19/02/2011;6;42.37
19/02/2011;7;42.68
19/02/2011;8;44.34
19/02/2011;9;45.71
19/02/2011;10;48.12
19/02/2011;11;52.35
19/02/2011;12;53.71
19/02/2011;13;52.01
19/02/2011;14;53.00
19/02/2011;15;53.00
19/02/2011;16;51.60
19/02/2011;17;48.47
19/02/2011;18;50.00
19/02/2011;19;56.14
19/02/2011;20;59.65
19/02/2011;21;58.35
19/02/2011;22;56.14
19/02/2011;23;55.61
19/02/2011;24;54.65
20/02/2011;1;57.23
20/02/2011;2;54.69
20/02/2011;3;51.60
20/02/2011;4;47.20
20/02/2011;5;44.47
20/02/2011;6;44.33
20/02/2011;7;43.26
20/02/2011;8;43.57
20/02/2011;9;35.96
20/02/2011;10;35.96
20/02/2011;11;40.33
20/02/2011;12;37.92
20/02/2011;13;37.92
20/02/2011;14;33.00
20/02/2011;15;31.00
20/02/2011;16;31.00
20/02/2011;17;28.07
20/02/2011;18;34.74
20/02/2011;19;46.18
20/02/2011;20;51.04
20/02/2011;21;55.00
20/02/2011;22;55.03
20/02/2011;23;56.14
20/02/2011;24;53.72
21/02/2011;1;46.20
21/02/2011;2;36.94
21/02/2011;3;20.13
21/02/2011;4;20.50
21/02/2011;5;20.50
21/02/2011;6;28.07
21/02/2011;7;40.00
21/02/2011;8;50.00
21/02/2011;9;50.10
21/02/2011;10;52.23
21/02/2011;11;52.47
21/02/2011;12;49.51
21/02/2011;13;51.00
21/02/2011;14;49.75
21/02/2011;15;46.66
21/02/2011;16;44.47
21/02/2011;17;45.52
21/02/2011;18;48.60
21/02/2011;19;52.47
21/02/2011;20;57.23
21/02/2011;21;53.58
21/02/2011;22;53.50
21/02/2011;23;52.43
21/02/2011;24;45.52
22/02/2011;1;37.92
22/02/2011;2;29.55
22/02/2011;3;20.00
22/02/2011;4;20.00
22/02/2011;5;20.00
22/02/2011;6;24.69
22/02/2011;7;30.00
22/02/2011;8;43.07
22/02/2011;9;43.57
22/02/2011;10;48.50
22/02/2011;11;50.02
22/02/2011;12;48.69
22/02/2011;13;52.23
22/02/2011;14;50.54
22/02/2011;15;48.51
22/02/2011;16;47.10
22/02/2011;17;47.47
22/02/2011;18;50.23
22/02/2011;19;53.15
22/02/2011;20;58.42
22/02/2011;21;58.01
22/02/2011;22;56.00
22/02/2011;23;56.56
22/02/2011;24;51.00
23/02/2011;1;46.56
23/02/2011;2;42.54
23/02/2011;3;39.17
23/02/2011;4;38.59
23/02/2011;5;38.29
23/02/2011;6;38.96
23/02/2011;7;42.37
23/02/2011;8;50.10
23/02/2011;9;48.41
23/02/2011;10;49.91
23/02/2011;11;49.91
23/02/2011;12;49.75
23/02/2011;13;51.91
23/02/2011;14;51.01
23/02/2011;15;51.00
23/02/2011;16;49.91
23/02/2011;17;49.94
23/02/2011;18;51.01
23/02/2011;19;53.00
23/02/2011;20;59.50
23/02/2011;21;59.60
23/02/2011;22;57.07
23/02/2011;23;53.86
23/02/2011;24;48.60
24/02/2011;1;48.06
24/02/2011;2;45.46
24/02/2011;3;43.57
24/02/2011;4;42.52
24/02/2011;5;42.12
24/02/2011;6;42.83
24/02/2011;7;45.01
24/02/2011;8;49.64
24/02/2011;9;49.50
24/02/2011;10;52.47
24/02/2011;11;50.70
24/02/2011;12;50.70
24/02/2011;13;51.23
24/02/2011;14;51.23
24/02/2011;15;51.00
24/02/2011;16;50.00
24/02/2011;17;49.89
24/02/2011;18;50.92
24/02/2011;19;52.00
24/02/2011;20;55.00
24/02/2011;21;52.00
24/02/2011;22;52.02
24/02/2011;23;51.23
24/02/2011;24;48.50
25/02/2011;1;47.00
25/02/2011;2;46.11
25/02/2011;3;43.65
25/02/2011;4;42.52
25/02/2011;5;43.57
25/02/2011;6;44.62
25/02/2011;7;46.61
25/02/2011;8;51.27
25/02/2011;9;50.40
25/02/2011;10;52.95
25/02/2011;11;52.88
25/02/2011;12;51.88
25/02/2011;13;52.50
25/02/2011;14;51.67
25/02/2011;15;51.01
25/02/2011;16;49.50
25/02/2011;17;49.46
25/02/2011;18;50.50
25/02/2011;19;51.76
25/02/2011;20;53.00
25/02/2011;21;52.60
25/02/2011;22;51.27
25/02/2011;23;50.23
25/02/2011;24;49.30
26/02/2011;1;53.03
26/02/2011;2;49.64
26/02/2011;3;46.66
26/02/2011;4;43.96
26/02/2011;5;42.52
26/02/2011;6;41.50
26/02/2011;7;41.10
26/02/2011;8;42.35
26/02/2011;9;44.95
26/02/2011;10;46.00
26/02/2011;11;47.53
26/02/2011;12;48.02
26/02/2011;13;47.60
26/02/2011;14;47.51
26/02/2011;15;46.67
26/02/2011;16;45.17
26/02/2011;17;42.80
26/02/2011;18;46.67
26/02/2011;19;51.60
26/02/2011;20;53.03
26/02/2011;21;51.23
26/02/2011;22;50.70
26/02/2011;23;48.80
26/02/2011;24;48.92
27/02/2011;1;47.33
27/02/2011;2;43.57
27/02/2011;3;37.92
27/02/2011;4;35.04
27/02/2011;5;35.00
27/02/2011;6;35.00
27/02/2011;7;28.07
27/02/2011;8;34.69
27/02/2011;9;30.00
27/02/2011;10;35.00
27/02/2011;11;38.47
27/02/2011;12;37.92
27/02/2011;13;38.07
27/02/2011;14;35.00
27/02/2011;15;32.90
27/02/2011;16;28.07
27/02/2011;17;28.07
27/02/2011;18;28.07
27/02/2011;19;44.52
27/02/2011;20;52.50
27/02/2011;21;53.23
27/02/2011;22;54.11
27/02/2011;23;54.10
27/02/2011;24;50.64
28/02/2011;1;51.87
28/02/2011;2;48.35
28/02/2011;3;39.94
28/02/2011;4;35.00
28/02/2011;5;32.15
28/02/2011;6;34.69
28/02/2011;7;38.34
28/02/2011;8;48.33
28/02/2011;9;48.15
28/02/2011;10;48.59
28/02/2011;11;47.50
28/02/2011;12;43.87
28/02/2011;13;45.87
28/02/2011;14;44.52
28/02/2011;15;37.93
28/02/2011;16;37.80
28/02/2011;17;38.59
28/02/2011;18;48.53
28/02/2011;19;51.30
28/02/2011;20;53.03
28/02/2011;21;55.23
28/02/2011;22;55.23
28/02/2011;23;53.23
28/02/2011;24;50.92
01/03/2011;1;44.80
01/03/2011;2;43.79
01/03/2011;3;40.98
01/03/2011;4;39.70
01/03/2011;5;37.71
01/03/2011;6;39.29
01/03/2011;7;43.55
01/03/2011;8;47.80
01/03/2011;9;48.00
01/03/2011;10;49.66
01/03/2011;11;48.46
01/03/2011;12;48.52
01/03/2011;13;49.91
01/03/2011;14;48.15
01/03/2011;15;47.57
01/03/2011;16;46.15
01/03/2011;17;45.60
01/03/2011;18;47.01
01/03/2011;19;49.33
01/03/2011;20;53.50
01/03/2011;21;53.03
01/03/2011;22;53.03
01/03/2011;23;50.98
01/03/2011;24;48.00
02/03/2011;1;35.00
02/03/2011;2;39.00
02/03/2011;3;35.00
02/03/2011;4;35.42
02/03/2011;5;32.15
02/03/2011;6;36.07
02/03/2011;7;41.53
02/03/2011;8;48.30
02/03/2011;9;48.00
02/03/2011;10;50.12
02/03/2011;11;49.33
02/03/2011;12;48.50
02/03/2011;13;49.66
02/03/2011;14;48.00
02/03/2011;15;48.00
02/03/2011;16;45.00
02/03/2011;17;45.00
02/03/2011;18;48.30
02/03/2011;19;49.33
02/03/2011;20;53.23
02/03/2011;21;53.50
02/03/2011;22;53.03
02/03/2011;23;52.50
02/03/2011;24;48.46
03/03/2011;1;44.95
03/03/2011;2;41.55
03/03/2011;3;41.00
03/03/2011;4;42.12
03/03/2011;5;41.00
03/03/2011;6;42.63
03/03/2011;7;45.47
03/03/2011;8;48.15
03/03/2011;9;49.91
03/03/2011;10;52.00
03/03/2011;11;51.01
03/03/2011;12;51.00
03/03/2011;13;51.81
03/03/2011;14;51.01
03/03/2011;15;51.02
03/03/2011;16;51.00
03/03/2011;17;50.85
03/03/2011;18;51.01
03/03/2011;19;53.03
03/03/2011;20;58.17
03/03/2011;21;57.40
03/03/2011;22;55.23
03/03/2011;23;53.50
03/03/2011;24;49.91
04/03/2011;1;48.00
04/03/2011;2;44.70
04/03/2011;3;41.00
04/03/2011;4;43.09
04/03/2011;5;42.90
04/03/2011;6;42.63
04/03/2011;7;45.04
04/03/2011;8;49.91
04/03/2011;9;49.91
04/03/2011;10;52.92
04/03/2011;11;51.00
04/03/2011;12;50.50
04/03/2011;13;51.00
04/03/2011;14;49.91
04/03/2011;15;49.66
04/03/2011;16;48.15
04/03/2011;17;48.15
04/03/2011;18;49.12
04/03/2011;19;51.56
04/03/2011;20;55.40
04/03/2011;21;55.23
04/03/2011;22;55.23
04/03/2011;23;53.50
04/03/2011;24;53.00
05/03/2011;1;53.81
05/03/2011;2;50.10
05/03/2011;3;46.60
05/03/2011;4;46.33
05/03/2011;5;44.72
05/03/2011;6;43.14
05/03/2011;7;44.63
05/03/2011;8;46.50
05/03/2011;9;42.55
05/03/2011;10;43.57
05/03/2011;11;50.00
05/03/2011;12;50.00
05/03/2011;13;48.19
05/03/2011;14;45.00
05/03/2011;15;48.19
05/03/2011;16;48.00
05/03/2011;17;44.19
05/03/2011;18;45.60
05/03/2011;19;54.50
05/03/2011;20;58.17
05/03/2011;21;57.83
05/03/2011;22;56.35
05/03/2011;23;55.23
05/03/2011;24;53.03
06/03/2011;1;52.55
06/03/2011;2;47.53
06/03/2011;3;46.13
06/03/2011;4;43.99
06/03/2011;5;44.73
06/03/2011;6;45.60
06/03/2011;7;44.67
06/03/2011;8;46.50
06/03/2011;9;43.57
06/03/2011;10;43.04
06/03/2011;11;46.13
06/03/2011;12;48.15
06/03/2011;13;51.05
06/03/2011;14;49.68
06/03/2011;15;46.61
06/03/2011;16;46.13
06/03/2011;17;44.73
06/03/2011;18;47.69
06/03/2011;19;50.02
06/03/2011;20;57.80
06/03/2011;21;60.90
06/03/2011;22;59.48
06/03/2011;23;59.48
06/03/2011;24;58.18
07/03/2011;1;52.02
07/03/2011;2;47.28
07/03/2011;3;40.03
07/03/2011;4;41.00
07/03/2011;5;41.00
07/03/2011;6;42.12
07/03/2011;7;47.28
07/03/2011;8;53.03
07/03/2011;9;55.20
07/03/2011;10;56.34
07/03/2011;11;53.03
07/03/2011;12;53.03
07/03/2011;13;52.95
07/03/2011;14;50.01
07/03/2011;15;48.16
07/03/2011;16;48.00
07/03/2011;17;47.57
07/03/2011;18;48.00
07/03/2011;19;50.69
07/03/2011;20;57.00
07/03/2011;21;56.34
07/03/2011;22;55.23
07/03/2011;23;52.95
07/03/2011;24;45.00
08/03/2011;1;45.00
08/03/2011;2;38.57
08/03/2011;3;37.34
08/03/2011;4;37.79
08/03/2011;5;35.97
08/03/2011;6;37.79
08/03/2011;7;40.03
08/03/2011;8;48.15
08/03/2011;9;48.03
08/03/2011;10;48.03
08/03/2011;11;48.03
08/03/2011;12;48.00
08/03/2011;13;50.00
08/03/2011;14;48.00
08/03/2011;15;47.69
08/03/2011;16;45.00
08/03/2011;17;45.00
08/03/2011;18;48.00
08/03/2011;19;52.69
08/03/2011;20;60.02
08/03/2011;21;58.17
08/03/2011;22;55.50
08/03/2011;23;55.00
08/03/2011;24;51.17
09/03/2011;1;39.38
09/03/2011;2;37.00
09/03/2011;3;29.89
09/03/2011;4;30.13
09/03/2011;5;29.89
09/03/2011;6;30.13
09/03/2011;7;43.57
09/03/2011;8;52.01
09/03/2011;9;51.17
09/03/2011;10;53.03
09/03/2011;11;52.06
09/03/2011;12;51.95
09/03/2011;13;52.07
09/03/2011;14;49.48
09/03/2011;15;48.01
09/03/2011;16;48.00
09/03/2011;17;48.00
09/03/2011;18;48.02
09/03/2011;19;52.07
09/03/2011;20;56.50
09/03/2011;21;56.40
09/03/2011;22;55.23
09/03/2011;23;53.54
09/03/2011;24;48.55
10/03/2011;1;48.15
10/03/2011;2;47.56
10/03/2011;3;44.71
10/03/2011;4;43.59
10/03/2011;5;43.04
10/03/2011;6;45.77
10/03/2011;7;48.15
10/03/2011;8;53.03
10/03/2011;9;51.17
10/03/2011;10;53.03
10/03/2011;11;53.01
10/03/2011;12;51.17
10/03/2011;13;52.91
10/03/2011;14;51.01
10/03/2011;15;51.01
10/03/2011;16;50.80
10/03/2011;17;50.45
10/03/2011;18;51.02
10/03/2011;19;51.17
10/03/2011;20;56.00
10/03/2011;21;55.23
10/03/2011;22;53.50
10/03/2011;23;52.25
10/03/2011;24;49.02
11/03/2011;1;48.15
11/03/2011;2;47.28
11/03/2011;3;42.12
11/03/2011;4;42.12
11/03/2011;5;41.81
11/03/2011;6;45.01
11/03/2011;7;47.69
11/03/2011;8;53.03
11/03/2011;9;51.95
11/03/2011;10;53.03
11/03/2011;11;53.03
11/03/2011;12;52.01
11/03/2011;13;52.01
11/03/2011;14;50.02
11/03/2011;15;49.20
11/03/2011;16;48.15
11/03/2011;17;48.00
11/03/2011;18;48.15
11/03/2011;19;50.00
11/03/2011;20;53.03
11/03/2011;21;53.03
11/03/2011;22;53.03
11/03/2011;23;52.39
11/03/2011;24;51.17
12/03/2011;1;53.03
12/03/2011;2;52.02
12/03/2011;3;48.73
12/03/2011;4;48.56
12/03/2011;5;48.15
12/03/2011;6;47.70
12/03/2011;7;48.15
12/03/2011;8;49.56
12/03/2011;9;48.70
12/03/2011;10;50.02
12/03/2011;11;50.20
12/03/2011;12;50.23
12/03/2011;13;50.02
12/03/2011;14;48.73
12/03/2011;15;48.00
12/03/2011;16;45.13
12/03/2011;17;43.38
12/03/2011;18;43.55
12/03/2011;19;49.20
12/03/2011;20;51.50
12/03/2011;21;50.80
12/03/2011;22;51.47
12/03/2011;23;50.73
12/03/2011;24;50.23
13/03/2011;1;49.00
13/03/2011;2;48.50
13/03/2011;3;45.13
13/03/2011;4;44.00
13/03/2011;5;42.41
13/03/2011;6;43.00
13/03/2011;7;43.21
13/03/2011;8;44.02
13/03/2011;9;43.11
13/03/2011;10;43.72
13/03/2011;11;47.20
13/03/2011;12;48.00
13/03/2011;13;48.70
13/03/2011;14;47.57
13/03/2011;15;45.30
13/03/2011;16;44.30
13/03/2011;17;43.00
13/03/2011;18;43.69
13/03/2011;19;49.69
13/03/2011;20;52.16
13/03/2011;21;53.50
13/03/2011;22;53.03
13/03/2011;23;53.03
13/03/2011;24;50.69
14/03/2011;1;49.50
14/03/2011;2;48.00
14/03/2011;3;42.69
14/03/2011;4;42.69
14/03/2011;5;40.96
14/03/2011;6;43.90
14/03/2011;7;47.05
14/03/2011;8;49.25
14/03/2011;9;50.03
14/03/2011;10;51.56
14/03/2011;11;51.53
14/03/2011;12;51.01
14/03/2011;13;51.62
14/03/2011;14;50.00
14/03/2011;15;49.70
14/03/2011;16;49.25
14/03/2011;17;49.00
14/03/2011;18;50.01
14/03/2011;19;50.69
14/03/2011;20;53.03
14/03/2011;21;53.03
14/03/2011;22;53.02
14/03/2011;23;53.00
14/03/2011;24;50.40
15/03/2011;1;50.62
15/03/2011;2;48.75
15/03/2011;3;45.74
15/03/2011;4;45.04
15/03/2011;5;44.69
15/03/2011;6;45.00
15/03/2011;7;47.80
15/03/2011;8;50.00
15/03/2011;9;51.50
15/03/2011;10;52.80
15/03/2011;11;52.51
15/03/2011;12;51.51
15/03/2011;13;51.52
15/03/2011;14;50.00
15/03/2011;15;49.40
15/03/2011;16;48.01
15/03/2011;17;47.69
15/03/2011;18;48.52
15/03/2011;19;48.75
15/03/2011;20;52.50
15/03/2011;21;52.51
15/03/2011;22;51.52
15/03/2011;23;49.80
15/03/2011;24;45.59
16/03/2011;1;47.20
16/03/2011;2;42.20
16/03/2011;3;22.07
16/03/2011;4;17.07
16/03/2011;5;17.07
16/03/2011;6;17.07
16/03/2011;7;38.57
16/03/2011;8;50.62
16/03/2011;9;48.01
16/03/2011;10;48.70
16/03/2011;11;49.02
16/03/2011;12;48.02
16/03/2011;13;48.70
16/03/2011;14;45.03
16/03/2011;15;46.50
16/03/2011;16;41.64
16/03/2011;17;36.58
16/03/2011;18;42.12
16/03/2011;19;45.60
16/03/2011;20;49.69
16/03/2011;21;50.69
16/03/2011;22;49.69
16/03/2011;23;48.01
16/03/2011;24;47.10
17/03/2011;1;37.00
17/03/2011;2;30.00
17/03/2011;3;13.00
17/03/2011;4;13.00
17/03/2011;5;13.00
17/03/2011;6;20.00
17/03/2011;7;35.69
17/03/2011;8;49.10
17/03/2011;9;48.00
17/03/2011;10;48.02
17/03/2011;11;48.02
17/03/2011;12;48.00
17/03/2011;13;48.02
17/03/2011;14;48.00
17/03/2011;15;48.01
17/03/2011;16;48.00
17/03/2011;17;48.00
17/03/2011;18;48.03
17/03/2011;19;52.02
17/03/2011;20;53.03
17/03/2011;21;53.13
17/03/2011;22;53.03
17/03/2011;23;52.40
17/03/2011;24;49.78
18/03/2011;1;49.48
18/03/2011;2;47.78
18/03/2011;3;38.57
18/03/2011;4;40.00
18/03/2011;5;40.00
18/03/2011;6;45.00
18/03/2011;7;48.15
18/03/2011;8;51.80
18/03/2011;9;51.00
18/03/2011;10;52.17
18/03/2011;11;52.20
18/03/2011;12;52.17
18/03/2011;13;53.03
18/03/2011;14;51.41
18/03/2011;15;51.80
18/03/2011;16;49.78
18/03/2011;17;48.78
18/03/2011;18;50.20
18/03/2011;19;53.00
18/03/2011;20;53.03
18/03/2011;21;53.03
18/03/2011;22;53.03
18/03/2011;23;51.80
18/03/2011;24;51.10
19/03/2011;1;52.10
19/03/2011;2;50.35
19/03/2011;3;48.00
19/03/2011;4;47.70
19/03/2011;5;46.10
19/03/2011;6;43.21
19/03/2011;7;44.23
19/03/2011;8;45.11
19/03/2011;9;43.75
19/03/2011;10;44.83
19/03/2011;11;49.12
19/03/2011;12;50.01
19/03/2011;13;50.01
19/03/2011;14;50.01
19/03/2011;15;50.01
19/03/2011;16;49.44
19/03/2011;17;48.59
19/03/2011;18;49.69
19/03/2011;19;52.90
19/03/2011;20;53.03
19/03/2011;21;54.99
19/03/2011;22;54.99
19/03/2011;23;53.19
19/03/2011;24;53.00
20/03/2011;1;49.75
20/03/2011;2;48.50
20/03/2011;3;42.12
20/03/2011;4;41.18
20/03/2011;5;38.00
20/03/2011;6;38.69
20/03/2011;7;38.69
20/03/2011;8;38.00
20/03/2011;9;36.57
20/03/2011;10;38.48
20/03/2011;11;42.12
20/03/2011;12;47.78
20/03/2011;13;49.78
20/03/2011;14;49.15
20/03/2011;15;47.60
20/03/2011;16;46.10
20/03/2011;17;45.00
20/03/2011;18;47.57
20/03/2011;19;49.70
20/03/2011;20;53.03
20/03/2011;21;56.20
20/03/2011;22;55.60
20/03/2011;23;56.00
20/03/2011;24;53.03
21/03/2011;1;52.15
21/03/2011;2;47.78
21/03/2011;3;42.12
21/03/2011;4;38.69
21/03/2011;5;40.50
21/03/2011;6;42.41
21/03/2011;7;49.20
21/03/2011;8;53.02
21/03/2011;9;53.02
21/03/2011;10;53.50
21/03/2011;11;53.03
21/03/2011;12;53.03
21/03/2011;13;55.23
21/03/2011;14;53.03
21/03/2011;15;53.03
21/03/2011;16;53.02
21/03/2011;17;52.00
21/03/2011;18;52.88
21/03/2011;19;53.02
21/03/2011;20;55.23
21/03/2011;21;55.23
21/03/2011;22;55.20
21/03/2011;23;53.03
21/03/2011;24;47.85
22/03/2011;1;46.20
22/03/2011;2;46.10
22/03/2011;3;42.41
22/03/2011;4;40.00
22/03/2011;5;39.00
22/03/2011;6;42.41
22/03/2011;7;46.10
22/03/2011;8;53.03
22/03/2011;9;48.19
22/03/2011;10;53.03
22/03/2011;11;52.99
22/03/2011;12;48.50
22/03/2011;13;51.41
22/03/2011;14;48.89
22/03/2011;15;46.56
22/03/2011;16;46.49
22/03/2011;17;45.01
22/03/2011;18;47.36
22/03/2011;19;49.69
22/03/2011;20;53.03
22/03/2011;21;55.23
22/03/2011;22;53.03
22/03/2011;23;50.01
22/03/2011;24;47.19
23/03/2011;1;47.00
23/03/2011;2;40.00
23/03/2011;3;37.26
23/03/2011;4;36.82
23/03/2011;5;36.66
23/03/2011;6;37.93
23/03/2011;7;40.00
23/03/2011;8;46.69
23/03/2011;9;44.00
23/03/2011;10;49.69
23/03/2011;11;49.69
23/03/2011;12;47.36
23/03/2011;13;48.11
23/03/2011;14;46.70
23/03/2011;15;44.01
23/03/2011;16;43.01
23/03/2011;17;42.42
23/03/2011;18;44.00
23/03/2011;19;47.36
23/03/2011;20;51.44
23/03/2011;21;53.03
23/03/2011;22;53.03
23/03/2011;23;50.20
23/03/2011;24;48.09
24/03/2011;1;42.41
24/03/2011;2;35.90
24/03/2011;3;22.07
24/03/2011;4;20.13
24/03/2011;5;20.00
24/03/2011;6;22.07
24/03/2011;7;34.55
24/03/2011;8;40.52
24/03/2011;9;42.01
24/03/2011;10;47.60
24/03/2011;11;47.70
24/03/2011;12;46.69
24/03/2011;13;47.70
24/03/2011;14;46.68
24/03/2011;15;46.11
24/03/2011;16;45.61
24/03/2011;17;44.00
24/03/2011;18;48.14
24/03/2011;19;50.02
24/03/2011;20;53.62
24/03/2011;21;56.00
24/03/2011;22;55.20
24/03/2011;23;53.03
24/03/2011;24;48.52
25/03/2011;1;44.02
25/03/2011;2;38.00
25/03/2011;3;30.03
25/03/2011;4;30.03
25/03/2011;5;33.81
25/03/2011;6;37.00
25/03/2011;7;43.21
25/03/2011;8;52.51
25/03/2011;9;52.51
25/03/2011;10;53.03
25/03/2011;11;53.03
25/03/2011;12;53.03
25/03/2011;13;53.03
25/03/2011;14;53.00
25/03/2011;15;52.68
25/03/2011;16;48.02
25/03/2011;17;45.87
25/03/2011;18;51.03
25/03/2011;19;53.03
25/03/2011;20;56.20
25/03/2011;21;58.17
25/03/2011;22;55.75
25/03/2011;23;55.23
25/03/2011;24;53.03
26/03/2011;1;53.03
26/03/2011;2;48.53
26/03/2011;3;45.00
26/03/2011;4;48.19
26/03/2011;5;46.21
26/03/2011;6;43.93
26/03/2011;7;46.00
26/03/2011;8;48.01
26/03/2011;9;45.20
26/03/2011;10;52.03
26/03/2011;11;52.94
26/03/2011;12;52.06
26/03/2011;13;49.87
26/03/2011;14;46.21
26/03/2011;15;44.00
26/03/2011;16;39.65
26/03/2011;17;39.18
26/03/2011;18;43.01
26/03/2011;19;49.07
26/03/2011;20;51.87
26/03/2011;21;53.05
26/03/2011;22;53.00
26/03/2011;23;50.07
26/03/2011;24;48.19
27/03/2011;1;43.87
27/03/2011;2;34.84
27/03/2011;3;10.00
27/03/2011;4;20.00
27/03/2011;5;20.50
27/03/2011;6;22.07
27/03/2011;7;25.03
27/03/2011;8;22.07
27/03/2011;9;22.07
27/03/2011;10;32.34
27/03/2011;11;28.07
27/03/2011;12;32.34
27/03/2011;13;22.07
27/03/2011;14;22.07
27/03/2011;15;20.00
27/03/2011;16;7.07
27/03/2011;17;4.90
27/03/2011;18;10.00
27/03/2011;19;15.07
27/03/2011;20;29.52
27/03/2011;21;48.02
27/03/2011;22;51.01
27/03/2011;23;42.76
27/03/2011;24;42.76
28/03/2011;1;43.19
28/03/2011;2;40.00
28/03/2011;3;22.07
28/03/2011;4;22.07
28/03/2011;5;22.07
28/03/2011;6;30.48
28/03/2011;7;40.00
28/03/2011;8;51.00
28/03/2011;9;49.87
28/03/2011;10;51.82
28/03/2011;11;52.01
28/03/2011;12;51.30
28/03/2011;13;52.02
28/03/2011;14;49.92
28/03/2011;15;49.03
28/03/2011;16;46.87
28/03/2011;17;43.19
28/03/2011;18;45.00
28/03/2011;19;48.02
28/03/2011;20;51.82
28/03/2011;21;55.23
28/03/2011;22;55.62
28/03/2011;23;55.51
28/03/2011;24;51.36
29/03/2011;1;47.28
29/03/2011;2;42.03
29/03/2011;3;37.09
29/03/2011;4;37.09
29/03/2011;5;35.90
29/03/2011;6;37.09
29/03/2011;7;41.76
29/03/2011;8;50.69
29/03/2011;9;49.29
29/03/2011;10;51.69
29/03/2011;11;52.02
29/03/2011;12;49.01
29/03/2011;13;50.40
29/03/2011;14;48.20
29/03/2011;15;46.87
29/03/2011;16;43.00
29/03/2011;17;41.52
29/03/2011;18;42.00
29/03/2011;19;42.01
29/03/2011;20;46.41
29/03/2011;21;52.97
29/03/2011;22;53.03
29/03/2011;23;53.03
29/03/2011;24;44.85
30/03/2011;1;46.60
30/03/2011;2;37.50
30/03/2011;3;34.07
30/03/2011;4;31.69
30/03/2011;5;28.19
30/03/2011;6;34.07
30/03/2011;7;39.69
30/03/2011;8;49.67
30/03/2011;9;49.07
30/03/2011;10;51.30
30/03/2011;11;51.34
30/03/2011;12;49.69
30/03/2011;13;47.95
30/03/2011;14;44.85
30/03/2011;15;43.19
30/03/2011;16;40.03
30/03/2011;17;42.47
30/03/2011;18;40.01
30/03/2011;19;46.69
30/03/2011;20;51.34
30/03/2011;21;53.03
30/03/2011;22;55.00
30/03/2011;23;53.69
30/03/2011;24;47.02
31/03/2011;1;47.01
31/03/2011;2;43.57
31/03/2011;3;41.03
31/03/2011;4;39.81
31/03/2011;5;38.69
31/03/2011;6;42.41
31/03/2011;7;45.71
31/03/2011;8;52.18
31/03/2011;9;52.08
31/03/2011;10;52.69
31/03/2011;11;52.97
31/03/2011;12;52.62
31/03/2011;13;52.97
31/03/2011;14;52.01
31/03/2011;15;50.68
31/03/2011;16;48.95
31/03/2011;17;46.69
31/03/2011;18;47.40
31/03/2011;19;50.10
31/03/2011;20;52.69
31/03/2011;21;55.00
31/03/2011;22;55.23
31/03/2011;23;53.11
31/03/2011;24;45.30
01/04/2011;1;50.93
01/04/2011;2;43.89
01/04/2011;3;37.97
01/04/2011;4;39.95
01/04/2011;5;34.01
01/04/2011;6;37.68
01/04/2011;7;44.69
01/04/2011;8;48.20
01/04/2011;9;50.01
01/04/2011;10;48.95
01/04/2011;11;50.69
01/04/2011;12;48.95
01/04/2011;13;45.65
01/04/2011;14;42.02
01/04/2011;15;40.00
01/04/2011;16;40.00
01/04/2011;17;37.39
01/04/2011;18;36.57
01/04/2011;19;38.77
01/04/2011;20;41.20
01/04/2011;21;51.54
01/04/2011;22;52.07
01/04/2011;23;48.95
01/04/2011;24;46.00
02/04/2011;1;48.16
02/04/2011;2;48.10
02/04/2011;3;43.89
02/04/2011;4;38.75
02/04/2011;5;39.15
02/04/2011;6;40.21
02/04/2011;7;43.89
02/04/2011;8;46.00
02/04/2011;9;45.71
02/04/2011;10;48.16
02/04/2011;11;51.91
02/04/2011;12;53.00
02/04/2011;13;53.03
02/04/2011;14;52.20
02/04/2011;15;49.69
02/04/2011;16;47.49
02/04/2011;17;45.00
02/04/2011;18;43.22
02/04/2011;19;44.69
02/04/2011;20;48.20
02/04/2011;21;53.50
02/04/2011;22;55.25
02/04/2011;23;55.23
02/04/2011;24;54.32
03/04/2011;1;50.89
03/04/2011;2;46.09
03/04/2011;3;42.00
03/04/2011;4;44.69
03/04/2011;5;44.69
03/04/2011;6;44.20
03/04/2011;7;40.73
03/04/2011;8;39.95
03/04/2011;9;41.00
03/04/2011;10;43.01
03/04/2011;11;46.03
03/04/2011;12;46.42
03/04/2011;13;47.48
03/04/2011;14;46.09
03/04/2011;15;45.00
03/04/2011;16;41.05
03/04/2011;17;31.00
03/04/2011;18;26.69
03/04/2011;19;22.07
03/04/2011;20;35.00
03/04/2011;21;41.03
03/04/2011;22;50.89
03/04/2011;23;52.97
03/04/2011;24;49.71
04/04/2011;1;49.15
04/04/2011;2;44.20
04/04/2011;3;35.90
04/04/2011;4;30.00
04/04/2011;5;30.23
04/04/2011;6;30.23
04/04/2011;7;46.04
04/04/2011;8;50.00
04/04/2011;9;53.03
04/04/2011;10;53.03
04/04/2011;11;53.11
04/04/2011;12;53.03
04/04/2011;13;53.03
04/04/2011;14;53.03
04/04/2011;15;52.97
04/04/2011;16;50.48
04/04/2011;17;49.15
04/04/2011;18;49.69
04/04/2011;19;47.71
04/04/2011;20;47.57
04/04/2011;21;50.69
04/04/2011;22;53.03
04/04/2011;23;50.00
04/04/2011;24;47.48
05/04/2011;1;50.98
05/04/2011;2;46.09
05/04/2011;3;39.85
05/04/2011;4;39.42
05/04/2011;5;36.69
05/04/2011;6;40.73
05/04/2011;7;46.56
05/04/2011;8;50.75
05/04/2011;9;51.01
05/04/2011;10;52.49
05/04/2011;11;53.03
05/04/2011;12;53.03
05/04/2011;13;53.03
05/04/2011;14;51.01
05/04/2011;15;49.07
05/04/2011;16;49.07
05/04/2011;17;46.50
05/04/2011;18;46.50
05/04/2011;19;45.01
05/04/2011;20;46.48
05/04/2011;21;53.00
05/04/2011;22;53.13
05/04/2011;23;50.98
05/04/2011;24;46.31
06/04/2011;1;48.21
06/04/2011;2;40.03
06/04/2011;3;36.61
06/04/2011;4;26.69
06/04/2011;5;21.00
06/04/2011;6;21.00
06/04/2011;7;30.23
06/04/2011;8;47.69
06/04/2011;9;48.41
06/04/2011;10;48.50
06/04/2011;11;50.93
06/04/2011;12;49.69
06/04/2011;13;49.69
06/04/2011;14;48.50
06/04/2011;15;43.57
06/04/2011;16;45.03
06/04/2011;17;44.69
06/04/2011;18;48.71
06/04/2011;19;47.57
06/04/2011;20;49.69
06/04/2011;21;53.03
06/04/2011;22;53.50
06/04/2011;23;51.95
06/04/2011;24;49.10
07/04/2011;1;48.01
07/04/2011;2;46.02
07/04/2011;3;44.36
07/04/2011;4;40.03
07/04/2011;5;37.51
07/04/2011;6;40.60
07/04/2011;7;46.02
07/04/2011;8;49.20
07/04/2011;9;48.01
07/04/2011;10;49.20
07/04/2011;11;50.75
07/04/2011;12;49.79
07/04/2011;13;50.40
07/04/2011;14;50.00
07/04/2011;15;46.89
07/04/2011;16;48.01
07/04/2011;17;46.02
07/04/2011;18;46.89
07/04/2011;19;46.02
07/04/2011;20;46.89
07/04/2011;21;50.69
07/04/2011;22;52.91
07/04/2011;23;49.89
07/04/2011;24;46.89
08/04/2011;1;44.02
08/04/2011;2;40.69
08/04/2011;3;38.60
08/04/2011;4;37.74
08/04/2011;5;33.88
08/04/2011;6;37.21
08/04/2011;7;42.12
08/04/2011;8;44.64
08/04/2011;9;46.89
08/04/2011;10;49.07
08/04/2011;11;50.75
08/04/2011;12;49.50
08/04/2011;13;50.75
08/04/2011;14;50.11
08/04/2011;15;48.90
08/04/2011;16;48.90
08/04/2011;17;47.57
08/04/2011;18;48.84
08/04/2011;19;46.89
08/04/2011;20;47.57
08/04/2011;21;50.50
08/04/2011;22;51.41
08/04/2011;23;49.02
08/04/2011;24;48.00
09/04/2011;1;50.09
09/04/2011;2;50.00
09/04/2011;3;49.75
09/04/2011;4;48.58
09/04/2011;5;46.31
09/04/2011;6;45.96
09/04/2011;7;46.17
09/04/2011;8;47.62
09/04/2011;9;46.31
09/04/2011;10;46.10
09/04/2011;11;46.10
09/04/2011;12;46.56
09/04/2011;13;47.84
09/04/2011;14;47.40
09/04/2011;15;46.02
09/04/2011;16;43.47
09/04/2011;17;39.69
09/04/2011;18;38.57
09/04/2011;19;34.07
09/04/2011;20;41.52
09/04/2011;21;46.01
09/04/2011;22;48.75
09/04/2011;23;46.69
09/04/2011;24;48.75
10/04/2011;1;46.42
10/04/2011;2;46.25
10/04/2011;3;37.58
10/04/2011;4;34.07
10/04/2011;5;31.00
10/04/2011;6;34.07
10/04/2011;7;30.00
10/04/2011;8;25.69
10/04/2011;9;20.50
10/04/2011;10;25.00
10/04/2011;11;37.58
10/04/2011;12;41.00
10/04/2011;13;46.17
10/04/2011;14;44.16
10/04/2011;15;45.00
10/04/2011;16;37.58
10/04/2011;17;28.07
10/04/2011;18;26.69
10/04/2011;19;28.07
10/04/2011;20;30.03
10/04/2011;21;45.00
10/04/2011;22;49.67
10/04/2011;23;49.56
10/04/2011;24;47.36
11/04/2011;1;47.84
11/04/2011;2;46.31
11/04/2011;3;31.00
11/04/2011;4;17.07
11/04/2011;5;17.07
11/04/2011;6;24.94
11/04/2011;7;46.89
11/04/2011;8;48.65
11/04/2011;9;49.40
11/04/2011;10;50.52
11/04/2011;11;52.97
11/04/2011;12;52.05
11/04/2011;13;53.03
11/04/2011;14;52.10
11/04/2011;15;50.93
11/04/2011;16;50.08
11/04/2011;17;48.68
11/04/2011;18;48.65
11/04/2011;19;46.69
11/04/2011;20;46.69
11/04/2011;21;47.40
11/04/2011;22;50.07
11/04/2011;23;45.52
11/04/2011;24;43.51
12/04/2011;1;42.10
12/04/2011;2;20.50
12/04/2011;3;7.00
12/04/2011;4;4.90
12/04/2011;5;2.00
12/04/2011;6;7.00
12/04/2011;7;22.07
12/04/2011;8;42.09
12/04/2011;9;42.12
12/04/2011;10;42.97
12/04/2011;11;47.17
12/04/2011;12;43.69
12/04/2011;13;46.89
12/04/2011;14;49.15
12/04/2011;15;48.25
12/04/2011;16;48.25
12/04/2011;17;46.85
12/04/2011;18;47.40
12/04/2011;19;48.14
12/04/2011;20;48.05
12/04/2011;21;46.89
12/04/2011;22;50.79
12/04/2011;23;45.69
12/04/2011;24;42.77
13/04/2011;1;48.01
13/04/2011;2;43.57
13/04/2011;3;41.13
13/04/2011;4;38.75
13/04/2011;5;38.00
13/04/2011;6;46.00
13/04/2011;7;48.00
13/04/2011;8;52.89
13/04/2011;9;51.40
13/04/2011;10;53.03
13/04/2011;11;53.03
13/04/2011;12;53.03
13/04/2011;13;53.03
13/04/2011;14;53.03
13/04/2011;15;52.75
13/04/2011;16;50.93
13/04/2011;17;49.10
13/04/2011;18;49.15
13/04/2011;19;49.19
13/04/2011;20;49.15
13/04/2011;21;50.11
13/04/2011;22;53.03
13/04/2011;23;50.93
13/04/2011;24;49.15
14/04/2011;1;50.11
14/04/2011;2;48.00
14/04/2011;3;45.62
14/04/2011;4;45.62
14/04/2011;5;44.60
14/04/2011;6;45.69
14/04/2011;7;48.70
14/04/2011;8;51.40
14/04/2011;9;52.02
14/04/2011;10;52.43
14/04/2011;11;53.03
14/04/2011;12;53.03
14/04/2011;13;53.03
14/04/2011;14;53.03
14/04/2011;15;50.00
14/04/2011;16;48.15
14/04/2011;17;45.51
14/04/2011;18;45.52
14/04/2011;19;46.72
14/04/2011;20;46.31
14/04/2011;21;49.10
14/04/2011;22;52.43
14/04/2011;23;50.00
14/04/2011;24;48.00
15/04/2011;1;48.15
15/04/2011;2;46.03
15/04/2011;3;42.02
15/04/2011;4;45.00
15/04/2011;5;36.72
15/04/2011;6;41.24
15/04/2011;7;48.15
15/04/2011;8;48.30
15/04/2011;9;50.03
15/04/2011;10;47.80
15/04/2011;11;49.71
15/04/2011;12;47.18
15/04/2011;13;47.80
15/04/2011;14;49.11
15/04/2011;15;45.00
15/04/2011;16;45.00
15/04/2011;17;40.02
15/04/2011;18;40.01
15/04/2011;19;40.02
15/04/2011;20;38.70
15/04/2011;21;41.22
15/04/2011;22;45.52
15/04/2011;23;40.84
15/04/2011;24;42.72
16/04/2011;1;44.01
16/04/2011;2;43.01
16/04/2011;3;38.14
16/04/2011;4;35.13
16/04/2011;5;31.00
16/04/2011;6;31.00
16/04/2011;7;35.13
16/04/2011;8;44.15
16/04/2011;9;28.07
16/04/2011;10;41.15
16/04/2011;11;47.01
16/04/2011;12;47.01
16/04/2011;13;47.95
16/04/2011;14;49.03
16/04/2011;15;47.01
16/04/2011;16;46.20
16/04/2011;17;44.13
16/04/2011;18;44.25
16/04/2011;19;46.20
16/04/2011;20;44.25
16/04/2011;21;50.00
16/04/2011;22;53.00
16/04/2011;23;51.50
16/04/2011;24;45.21
17/04/2011;1;45.60
17/04/2011;2;42.29
17/04/2011;3;42.80
17/04/2011;4;44.15
17/04/2011;5;43.57
17/04/2011;6;43.17
17/04/2011;7;38.57
17/04/2011;8;38.69
17/04/2011;9;36.00
17/04/2011;10;39.12
17/04/2011;11;41.05
17/04/2011;12;40.12
17/04/2011;13;40.12
17/04/2011;14;38.40
17/04/2011;15;38.56
17/04/2011;16;40.47
17/04/2011;17;39.68
17/04/2011;18;40.00
17/04/2011;19;40.46
17/04/2011;20;43.26
17/04/2011;21;50.03
17/04/2011;22;53.70
17/04/2011;23;53.10
17/04/2011;24;50.93
18/04/2011;1;46.11
18/04/2011;2;44.52
18/04/2011;3;40.42
18/04/2011;4;36.69
18/04/2011;5;32.00
18/04/2011;6;43.57
18/04/2011;7;47.02
18/04/2011;8;49.20
18/04/2011;9;49.69
18/04/2011;10;50.35
18/04/2011;11;50.03
18/04/2011;12;51.20
18/04/2011;13;50.41
18/04/2011;14;49.20
18/04/2011;15;46.11
18/04/2011;16;46.57
18/04/2011;17;46.11
18/04/2011;18;47.01
18/04/2011;19;46.57
18/04/2011;20;48.69
18/04/2011;21;51.50
18/04/2011;22;53.03
18/04/2011;23;52.00
18/04/2011;24;48.40
19/04/2011;1;47.01
19/04/2011;2;46.20
19/04/2011;3;45.07
19/04/2011;4;44.01
19/04/2011;5;42.74
19/04/2011;6;44.01
19/04/2011;7;45.90
19/04/2011;8;48.13
19/04/2011;9;47.10
19/04/2011;10;49.20
19/04/2011;11;51.69
19/04/2011;12;51.80
19/04/2011;13;53.03
19/04/2011;14;52.45
19/04/2011;15;49.01
19/04/2011;16;49.40
19/04/2011;17;49.75
19/04/2011;18;49.75
19/04/2011;19;48.13
19/04/2011;20;47.57
19/04/2011;21;50.41
19/04/2011;22;53.03
19/04/2011;23;51.80
19/04/2011;24;48.00
20/04/2011;1;51.80
20/04/2011;2;49.00
20/04/2011;3;48.00
20/04/2011;4;47.25
20/04/2011;5;46.26
20/04/2011;6;47.20
20/04/2011;7;49.13
20/04/2011;8;51.50
20/04/2011;9;51.50
20/04/2011;10;52.01
20/04/2011;11;51.80
20/04/2011;12;51.80
20/04/2011;13;51.50
20/04/2011;14;51.50
20/04/2011;15;44.53
20/04/2011;16;47.01
20/04/2011;17;44.52
20/04/2011;18;45.00
20/04/2011;19;44.51
20/04/2011;20;45.00
20/04/2011;21;49.13
20/04/2011;22;52.13
20/04/2011;23;50.07
20/04/2011;24;45.93
21/04/2011;1;52.01
21/04/2011;2;50.80
21/04/2011;3;48.61
21/04/2011;4;48.00
21/04/2011;5;48.00
21/04/2011;6;46.85
21/04/2011;7;46.50
21/04/2011;8;47.15
21/04/2011;9;43.57
21/04/2011;10;40.00
21/04/2011;11;47.63
21/04/2011;12;43.71
21/04/2011;13;45.01
21/04/2011;14;45.01
21/04/2011;15;43.00
21/04/2011;16;41.94
21/04/2011;17;35.50
21/04/2011;18;35.50
21/04/2011;19;31.00
21/04/2011;20;40.85
21/04/2011;21;47.57
21/04/2011;22;52.00
21/04/2011;23;51.41
21/04/2011;24;50.80
22/04/2011;1;44.01
22/04/2011;2;40.57
22/04/2011;3;28.07
22/04/2011;4;28.07
22/04/2011;5;29.00
22/04/2011;6;38.56
22/04/2011;7;40.57
22/04/2011;8;40.07
22/04/2011;9;28.07
22/04/2011;10;41.50
22/04/2011;11;46.15
22/04/2011;12;46.15
22/04/2011;13;46.15
22/04/2011;14;46.15
22/04/2011;15;45.69
22/04/2011;16;41.05
22/04/2011;17;30.00
22/04/2011;18;30.00
22/04/2011;19;30.00
22/04/2011;20;39.95
22/04/2011;21;46.83
22/04/2011;22;50.00
22/04/2011;23;50.66
22/04/2011;24;48.03
23/04/2011;1;51.10
23/04/2011;2;49.72
23/04/2011;3;48.51
23/04/2011;4;45.69
23/04/2011;5;43.57
23/04/2011;6;43.16
23/04/2011;7;46.15
23/04/2011;8;47.63
23/04/2011;9;47.63
23/04/2011;10;49.61
23/04/2011;11;50.69
23/04/2011;12;51.10
23/04/2011;13;51.95
23/04/2011;14;51.63
23/04/2011;15;50.90
23/04/2011;16;49.80
23/04/2011;17;48.70
23/04/2011;18;48.70
23/04/2011;19;48.51
23/04/2011;20;47.57
23/04/2011;21;49.00
23/04/2011;22;50.69
23/04/2011;23;50.69
23/04/2011;24;48.87
24/04/2011;1;50.13
24/04/2011;2;49.15
24/04/2011;3;46.50
24/04/2011;4;45.69
24/04/2011;5;45.02
24/04/2011;6;43.20
24/04/2011;7;34.07
24/04/2011;8;28.24
24/04/2011;9;29.61
24/04/2011;10;34.07
24/04/2011;11;42.00
24/04/2011;12;42.58
24/04/2011;13;44.01
24/04/2011;14;43.57
24/04/2011;15;42.02
24/04/2011;16;36.57
24/04/2011;17;34.07
24/04/2011;18;34.69
24/04/2011;19;38.57
24/04/2011;20;42.34
24/04/2011;21;46.22
24/04/2011;22;49.20
24/04/2011;23;50.15
24/04/2011;24;46.00
25/04/2011;1;41.07
25/04/2011;2;34.07
25/04/2011;3;23.14
25/04/2011;4;17.07
25/04/2011;5;20.00
25/04/2011;6;20.21
25/04/2011;7;34.07
25/04/2011;8;43.59
25/04/2011;9;48.15
25/04/2011;10;49.72
25/04/2011;11;49.01
25/04/2011;12;47.01
25/04/2011;13;47.40
25/04/2011;14;50.00
25/04/2011;15;49.75
25/04/2011;16;48.15
25/04/2011;17;47.72
25/04/2011;18;47.57
25/04/2011;19;47.38
25/04/2011;20;46.03
25/04/2011;21;47.48
25/04/2011;22;50.20
25/04/2011;23;51.00
25/04/2011;24;49.75
26/04/2011;1;49.01
26/04/2011;2;46.54
26/04/2011;3;37.00
26/04/2011;4;35.00
26/04/2011;5;29.56
26/04/2011;6;31.00
26/04/2011;7;45.01
26/04/2011;8;50.22
26/04/2011;9;50.60
26/04/2011;10;52.00
26/04/2011;11;52.00
26/04/2011;12;51.90
26/04/2011;13;52.00
26/04/2011;14;50.75
26/04/2011;15;50.75
26/04/2011;16;51.90
26/04/2011;17;51.72
26/04/2011;18;51.90
26/04/2011;19;50.69
26/04/2011;20;49.20
26/04/2011;21;50.69
26/04/2011;22;52.20
26/04/2011;23;51.46
26/04/2011;24;48.40
27/04/2011;1;49.87
27/04/2011;2;44.00
27/04/2011;3;38.76
27/04/2011;4;37.56
27/04/2011;5;35.00
27/04/2011;6;36.13
27/04/2011;7;43.87
27/04/2011;8;51.03
27/04/2011;9;50.60
27/04/2011;10;52.00
27/04/2011;11;52.00
27/04/2011;12;50.69
27/04/2011;13;50.70
27/04/2011;14;51.25
27/04/2011;15;50.70
27/04/2011;16;51.02
27/04/2011;17;50.75
27/04/2011;18;51.80
27/04/2011;19;50.69
27/04/2011;20;50.70
27/04/2011;21;50.75
27/04/2011;22;52.25
27/04/2011;23;50.75
27/04/2011;24;48.00
28/04/2011;1;49.11
28/04/2011;2;45.00
28/04/2011;3;41.48
28/04/2011;4;38.85
28/04/2011;5;37.56
28/04/2011;6;39.90
28/04/2011;7;49.40
28/04/2011;8;52.05
28/04/2011;9;52.00
28/04/2011;10;52.70
28/04/2011;11;53.03
28/04/2011;12;53.00
28/04/2011;13;53.03
28/04/2011;14;53.03
28/04/2011;15;53.00
28/04/2011;16;52.90
28/04/2011;17;52.10
28/04/2011;18;52.10
28/04/2011;19;51.25
28/04/2011;20;51.80
28/04/2011;21;52.00
28/04/2011;22;53.03
28/04/2011;23;52.00
28/04/2011;24;50.75
29/04/2011;1;47.54
29/04/2011;2;43.78
29/04/2011;3;40.96
29/04/2011;4;45.00
29/04/2011;5;39.90
29/04/2011;6;42.02
29/04/2011;7;49.00
29/04/2011;8;52.49
29/04/2011;9;52.00
29/04/2011;10;53.00
29/04/2011;11;53.13
29/04/2011;12;53.13
29/04/2011;13;53.50
29/04/2011;14;53.50
29/04/2011;15;52.90
29/04/2011;16;52.02
29/04/2011;17;51.00
29/04/2011;18;50.75
29/04/2011;19;50.10
29/04/2011;20;50.69
29/04/2011;21;51.90
29/04/2011;22;53.03
29/04/2011;23;52.04
29/04/2011;24;51.25
30/04/2011;1;49.28
30/04/2011;2;46.69
30/04/2011;3;46.00
30/04/2011;4;46.03
30/04/2011;5;44.80
30/04/2011;6;46.00
30/04/2011;7;46.01
30/04/2011;8;48.87
30/04/2011;9;46.61
30/04/2011;10;47.11
30/04/2011;11;48.92
30/04/2011;12;48.40
30/04/2011;13;50.01
30/04/2011;14;51.50
30/04/2011;15;50.20
30/04/2011;16;48.92
30/04/2011;17;46.91
30/04/2011;18;46.02
30/04/2011;19;46.01
30/04/2011;20;46.03
30/04/2011;21;47.23
30/04/2011;22;52.00
30/04/2011;23;50.40
30/04/2011;24;50.35
